Label,Method_Over,Model,MinorityMultiplier,APPLY_TOMEK,F1_mean,F1_std,BAS_mean,BAS_std,GM_mean,GM_std
Product issues,SMOTE,RandomForest,1.3,False,0.0,0.0,0.498932384341637,0.001423487544483981,0.0,0.0
Product issues,SMOTE,Xgboost,1.3,False,0.0,0.0,0.4982179528250009,0.0011254862254837833,0.0,0.0
Product issues,ADASYN,RandomForest,1.3,False,0.0,0.0,0.49857006550105726,0.001333334925370027,0.0,0.0
Product issues,ADASYN,Xgboost,1.3,False,0.0,0.0,0.49857006550105726,0.001333334925370027,0.0,0.0
Product issues,RandomOverSampler,RandomForest,1.3,False,0.0,0.0,0.49857006550105726,0.001333334925370027,0.0,0.0
Product issues,RandomOverSampler,Xgboost,1.3,False,0.0,0.0,0.497150337166638,0.002412507629766072,0.0,0.0
Skin and subcutaneous tissue disorders,SMOTE,RandomForest,1.3,False,0.9605903108973471,0.008435116584213432,0.5567090392239662,0.019392958715727073,0.3434474765522156,0.052906500991200166
Skin and subcutaneous tissue disorders,SMOTE,Xgboost,1.3,False,0.9580318612921506,0.007582081513444913,0.5433123409547862,0.02419289227256793,0.3029587072273766,0.07137693739592506
Skin and subcutaneous tissue disorders,ADASYN,RandomForest,1.3,False,0.9609428236338813,0.008894765614019556,0.5617150025198796,0.02092178829575141,0.3576973016427957,0.05343428962837922
Skin and subcutaneous tissue disorders,ADASYN,Xgboost,1.3,False,0.9576146643525083,0.00783666749815167,0.5473120488378651,0.020795684024981376,0.32067280153211486,0.05738725389274481
Skin and subcutaneous tissue disorders,RandomOverSampler,RandomForest,1.3,False,0.9503006590449543,0.007296391883075803,0.5763024370033205,0.030251771651266655,0.4151192841500859,0.08057522126537463
Skin and subcutaneous tissue disorders,RandomOverSampler,Xgboost,1.3,False,0.9388672421484158,0.010656389083797534,0.5956465282187793,0.026123747873855505,0.4844049738620596,0.04420696644238098
Nervous system disorders,SMOTE,RandomForest,1.3,False,0.9513865082286135,0.007192563971541723,0.5449928786703461,0.030352830649564164,0.30830110991463183,0.09613658229120725
Nervous system disorders,SMOTE,Xgboost,1.3,False,0.9441653352317566,0.0057090831961512335,0.5196288267585033,0.025493658989066175,0.19492049310800436,0.16107635501342377
Nervous system disorders,ADASYN,RandomForest,1.3,False,0.9513344981753301,0.005641658576789665,0.5518758554329153,0.02346899790544168,0.34059830286079784,0.05824937613471299
Nervous system disorders,ADASYN,Xgboost,1.3,False,0.9472337692986261,0.004389788084533514,0.529223284282593,0.02411737067356424,0.24660084029141682,0.13403176864602262
Nervous system disorders,RandomOverSampler,RandomForest,1.3,False,0.9400338416429044,0.009110623884610397,0.5971777495770005,0.03862796832730663,0.4775099579602172,0.067879034964042
Nervous system disorders,RandomOverSampler,Xgboost,1.3,False,0.9303334090317156,0.008865037020002424,0.6140149448528148,0.04404506014819603,0.5235873911783537,0.0724200828045436
"Respiratory, thoracic and mediastinal disorders",SMOTE,RandomForest,1.3,False,0.8379107479080448,0.02409339409850744,0.5349002895983753,0.011669450807340644,0.3485749904832608,0.029638816006359127
"Respiratory, thoracic and mediastinal disorders",SMOTE,Xgboost,1.3,False,0.8232153013724284,0.016513745055945963,0.5644872770927359,0.01603822169380598,0.46230647915297557,0.042178517955254506
"Respiratory, thoracic and mediastinal disorders",ADASYN,RandomForest,1.3,False,0.831057974820259,0.022659212246620174,0.5282931568227414,0.009154623760610776,0.34613678259205216,0.025196251323413476
"Respiratory, thoracic and mediastinal disorders",ADASYN,Xgboost,1.3,False,0.8183084363704118,0.01122881881092596,0.5612526071943365,0.017253039160908975,0.46417894899364426,0.027282436008250123
"Respiratory, thoracic and mediastinal disorders",RandomOverSampler,RandomForest,1.3,False,0.8107816844114328,0.009300272433442017,0.6041318377616152,0.0195583808891076,0.5585316007162137,0.032382308040288174
"Respiratory, thoracic and mediastinal disorders",RandomOverSampler,Xgboost,1.3,False,0.7687929367202793,0.021817064844581784,0.600240083128924,0.029063959123931258,0.5817432144293895,0.03621597737951277
"Neoplasms benign, malignant and unspecified (incl cysts and polyps)",SMOTE,RandomForest,1.3,False,0.3274900040310454,0.044834747600985665,0.5911316867085676,0.01875171729963862,0.45357088292735676,0.0359627122180936
"Neoplasms benign, malignant and unspecified (incl cysts and polyps)",SMOTE,Xgboost,1.3,False,0.41104261904821016,0.058199015899602836,0.6160361352667284,0.03151041610521817,0.5467036623207315,0.04859983069483849
"Neoplasms benign, malignant and unspecified (incl cysts and polyps)",ADASYN,RandomForest,1.3,False,0.34564317576139486,0.04443858380718558,0.5981358183768325,0.019765555518710426,0.46851320602296764,0.03588237365743754
"Neoplasms benign, malignant and unspecified (incl cysts and polyps)",ADASYN,Xgboost,1.3,False,0.3989115924036413,0.054948382808970346,0.6092750689986256,0.029304028788056175,0.5358209249654504,0.04184236327988244
"Neoplasms benign, malignant and unspecified (incl cysts and polyps)",RandomOverSampler,RandomForest,1.3,False,0.4620536317416352,0.04290190715858676,0.6420101906366015,0.022243029211359996,0.5951348513582568,0.03898395796637663
"Neoplasms benign, malignant and unspecified (incl cysts and polyps)",RandomOverSampler,Xgboost,1.3,False,0.44708178529975084,0.058441522089732724,0.626515065459225,0.0364321568254141,0.5973685140137542,0.04725693621782892
Immune system disorders,SMOTE,RandomForest,1.3,False,0.8248421135738591,0.0178342343400192,0.5503914319684599,0.02073559791533271,0.3925465358541622,0.048952700539046864
Immune system disorders,SMOTE,Xgboost,1.3,False,0.8060713745619935,0.009674229909406907,0.5600241013180247,0.014872462042451828,0.45997184740787844,0.03071893891316887
Immune system disorders,ADASYN,RandomForest,1.3,False,0.824341172869306,0.020297768341312604,0.5486837603529076,0.0167824260423524,0.3909750070002507,0.02853039151741836
Immune system disorders,ADASYN,Xgboost,1.3,False,0.8112529807475386,0.012066464859423623,0.5713018416480656,0.015826097303798584,0.4775641310182418,0.034442723782112876
Immune system disorders,RandomOverSampler,RandomForest,1.3,False,0.7754675575652599,0.016856950234710535,0.5909070228536786,0.02822497267260192,0.5582691581476439,0.0342037725348156
Immune system disorders,RandomOverSampler,Xgboost,1.3,False,0.7454270265222522,0.02774557281225474,0.5893212577708675,0.03952199426595884,0.5735473152031202,0.04251178535688326
Ear and labyrinth disorders,SMOTE,RandomForest,1.3,False,0.5780038051510324,0.013163180554599096,0.6162650518864299,0.01447428551752748,0.6132656408996515,0.014398674732605999
Ear and labyrinth disorders,SMOTE,Xgboost,1.3,False,0.5619213468791266,0.020118845076622528,0.6008339612435301,0.01660264106858259,0.597532029267232,0.017729145682353585
Ear and labyrinth disorders,ADASYN,RandomForest,1.3,False,0.5814706447882729,0.013113814673296496,0.6233270397690929,0.02127469175472263,0.6191200862858869,0.018612055784844955
Ear and labyrinth disorders,ADASYN,Xgboost,1.3,False,0.5586236290947919,0.032097797313652046,0.6013400675383315,0.022410601076157038,0.5974754233254622,0.02483528298216293
Ear and labyrinth disorders,RandomOverSampler,RandomForest,1.3,False,0.5991814659803536,0.02581442848928764,0.6153269019221532,0.020427438208898953,0.6137991819324217,0.020742825480366784
Ear and labyrinth disorders,RandomOverSampler,Xgboost,1.3,False,0.5718196893798552,0.015379094977182204,0.5923416556012852,0.020931067246742662,0.5914626369283715,0.020442283486931313
Hepatobiliary disorders,SMOTE,RandomForest,1.3,False,0.7172905923919236,0.015416581550471292,0.6897537284261005,0.026511092409786545,0.6867108454815943,0.028988444778780806
Hepatobiliary disorders,SMOTE,Xgboost,1.3,False,0.6864041270006471,0.019637219427972044,0.6657404563068414,0.020731572082447584,0.6647837853413311,0.020847717698581878
Hepatobiliary disorders,ADASYN,RandomForest,1.3,False,0.7195526070807454,0.009950031446640275,0.6934422510010031,0.015184065107788913,0.69037498133207,0.017075838841041656
Hepatobiliary disorders,ADASYN,Xgboost,1.3,False,0.6835779821515017,0.009748366832126872,0.668143672131403,0.009761317289935538,0.6675343434285226,0.009333993719622237
Hepatobiliary disorders,RandomOverSampler,RandomForest,1.3,False,0.7037400516206547,0.015779857591489706,0.6968340749406785,0.021056642584336607,0.696184930177582,0.021317128254718674
Hepatobiliary disorders,RandomOverSampler,Xgboost,1.3,False,0.6628537069066714,0.017061083523712696,0.6633992673335665,0.01642756516273895,0.6628833254000718,0.016213124209593918
Reproductive system and breast disorders,SMOTE,RandomForest,1.3,False,0.6805225459024846,0.014892550461881955,0.6757197502571216,0.019155483633634614,0.6744153622404823,0.019568152737826725
Reproductive system and breast disorders,SMOTE,Xgboost,1.3,False,0.6780101971154804,0.016782886371545153,0.6750294719700535,0.0201501354957873,0.6727199093736326,0.01939334337680127
Reproductive system and breast disorders,ADASYN,RandomForest,1.3,False,0.6833640964384438,0.013176389459633652,0.6733645535543881,0.023515015981792297,0.6715973519856233,0.02536823441011873
Reproductive system and breast disorders,ADASYN,Xgboost,1.3,False,0.6799799251426254,0.016528630051338315,0.6749756205800772,0.026857577687081243,0.6738491015757055,0.025847149646385324
Reproductive system and breast disorders,RandomOverSampler,RandomForest,1.3,False,0.6654513671367603,0.014846827570331185,0.6714092541894912,0.02284532695710333,0.6692030801215157,0.021481920249349393
Reproductive system and breast disorders,RandomOverSampler,Xgboost,1.3,False,0.6601581609808811,0.0173674026291951,0.6698590404584758,0.02463627454324099,0.667214401147761,0.022956045226279944
